"Class","MethodCount"
"AccessibleButton","10"
"AdaptorElement","1"
"AnimationStrip","20"
"AutoButton","7"
"AutoLock","1"
"AutoThread","1"
"AutoVariant","2"
"BaseScrollBar","10"
"BaseScrollViewer","22"
"BehaviorEngine","6"
"BehaviorFactoryStore","2"
"BehaviorStore","11"
"BinaryFile","6"
"Bind","8"
"BorderLayout","8"
"Browser","11"
"BrowserSelectionProxy","4"
"Button","9"
"ByteCode","1"
"CActivityOverlay","3"
"CallstackTracker","10"
"CaretElement","2"
"CBinaryXmlReader","19"
"CCAVI","7"
"CCBase","11"
"CCBaseCheckRadioButton","10"
"CCBaseScrollBar","18"
"CCCheckBox","6"
"CCCommandLink","7"
"CCHScrollBar","6"
"CClassFactory","8"
"CCListBox","8"
"CCListView","8"
"CCProgressBar","6"
"CCPushButton","13"
"CCRadioButton","9"
"CCSysLink","12"
"CCTrackBar","16"
"CCTreeView","8"
"CCVScrollBar","6"
"CheckBoxGlyph","4"
"CIHMCallback","4"
"ClassData","1"
"ClassInfoBase","10"
"CLightDismissNotifier","3"
"Clipper","8"
"CLocalClasses","1"
"Combobox","6"
"ConcreteElementProxy","1"
"ContentLayoutInvalidateBehavior","2"
"ContentTiler","16"
"ContextMenuBehavior","5"
"CritSecLock","2"
"CStyleSheet","8"
"CStyleSheetManager","9"
"CTouchEditInnerTextHost","22"
"CTouchEditInnerWindowlessSite","6"
"DCSurface","1"
"DeferCycle","5"
"DialogElement","17"
"DialogElementCore","10"
"DuiAccessible","28"
"DUIBehaviorFactory","3"
"DUIFactory","6"
"DuiNavigate","1"
"DUIParsePlayer","8"
"DUIParseRecorder","3"
"DuiPVLTrigger","1"
"DUIXmlParser","74"
"Edit","23"
"Element","202"
"ElementClassInfo","11"
"ElementProvider","17"
"ElementProviderManager","6"
"ElementProxy","12"
"ElementWithHWND","3"
"EventManager","20"
"Expandable","4"
"ExpandCollapseBehavior","5"
"ExpandCollapseProvider","2"
"ExpandCollapseProxy","4"
"Expando","9"
"ExpandoButtonGlyph","8"
"Expression","3"
"FillLayout","4"
"FlowLayout","6"
"FontCache","6"
"FontCacheImpl","7"
"FontCheckOut","1"
"GdiTextRenderer","9"
"GridItemProvider","6"
"GridItemProxy","8"
"GridLayout","5"
"GridProvider","3"
"GridProxy","3"
"HandleCache","7"
"HWNDElement","30"
"HWNDElementAccessible","1"
"HWNDElementProvider","10"
"HWNDElementProxy","4"
"HWNDHost","44"
"HWNDHostAccessible","23"
"HWNDHostClientAccessible","2"
"IDataEngine","2"
"IDataEntry","1"
"Impl","12"
"Internal","5"
"InternalRichText","1"
"InvokeHelper","4"
"InvokeManager","4"
"InvokeProvider","4"
"InvokeProxy","6"
"IProvider","2"
"ISBLeak","1"
"ItemList","6"
"IXElementCP","3"
"IXProviderCP","3"
"Layout","12"
"LayoutInvalidateBehavior","3"
"LinkedList","2"
"Macro","14"
"ManipulationHelper","10"
"MaxSizeBehavior","5"
"ModernProgressBar","29"
"ModernProgressBarRangeValueProxy","3"
"ModernProgressRing","16"
"Movie","32"
"NativeHWNDHost","13"
"Navigator","11"
"NavigatorSelectionItemProxy","4"
"NavScoring","4"
"NineGridLayout","3"
"Page","8"
"Pages","11"
"ParserTools","6"
"PasswordRevealToggleProxy","2"
"Progress","7"
"ProgressRangeValueProxy","2"
"PromptText","1"
"PropertyData","1"
"PropNotify","2"
"ProviderProxy","3"
"Proxy","2"
"PText","6"
"PushButton","13"
"PVLAnimation","7"
"PVLAnimationTriggers","24"
"PVLLauncherAnimationTriggers","3"
"RadioButtonGlyph","7"
"RangeValueProvider","5"
"RangeValueProxy","3"
"RefcountBase","1"
"RefPointElement","9"
"RepeatButton","8"
"Repeater","9"
"ResourceHandleCache","2"
"ResourceModuleHandles","3"
"RichText","42"
"RichTextCache","9"
"RichTextCacheEntry","2"
"RichTextExtraFormatting","4"
"RichTextGlyphRun","1"
"RichTextShared","4"
"RowLayout","5"
"RowLayoutSharedInfo","1"
"Schema","86"
"ScrollBar","27"
"ScrollBarRangeValueProxy","4"
"ScrollItemProvider","4"
"ScrollItemProxy","5"
"ScrollProvider","5"
"ScrollProxy","11"
"ScrollViewer","4"
"SelectionItemProvider","5"
"SelectionItemProxy","4"
"SelectionProvider","6"
"SelectionProxy","4"
"Selector","8"
"SelectorNoDefault","7"
"SelectorSelectionItemProxy","4"
"SelectorSelectionProxy","6"
"SemanticController","4"
"SemanticZoomToggle","7"
"ShellBorderLayout","4"
"SimpleTimer","3"
"SinkProvider","7"
"SmoothDot","1"
"SnapshotElement","3"
"StyledScrollViewer","8"
"StyleSheet","2"
"StyleSheetCache","12"
"Surface","4"
"TableItemProvider","5"
"TableItemProxy","7"
"TableLayout","5"
"TableProvider","3"
"TableProxy","6"
"TaskPage","20"
"TextGraphic","11"
"ThemeHandleCache","1"
"Thumb","8"
"ToggleProvider","4"
"ToggleProxy","6"
"TouchButton","29"
"TouchCarouselList","9"
"TouchCarouselScrollBar","17"
"TouchCheckBox","10"
"TouchCheckBoxGlyph","6"
"TouchCommandButton","6"
"TouchDialogElement","16"
"TouchEdit2","34"
"TouchEditAccessible","2"
"TouchEditBase","39"
"TouchEditInner","24"
"TouchHWNDElement","37"
"TouchHyperLink","5"
"TouchRepeatButton","11"
"TouchScrollBar","25"
"TouchScrollViewer","93"
"TouchSelect","40"
"TouchSelectItem","2"
"TouchSelectPopup","3"
"TouchSelectPopupProxy","1"
"TouchSelectProxy","1"
"TouchSlider","45"
"TouchSwitch","17"
"TouchSwitchToggleProxy","1"
"TouchTooltip","23"
"TouchTooltipContainer","1"
"TouchTooltipHWNDElement","1"
"TouchTooltipProxy","6"
"TouchTooltipTimings","3"
"TouchXBaby","18"
"TransitionHandler","19"
"TSVEnableVirtualizationBehavior","2"
"TSVVirtualizedContainerBehavior","2"
"UnknownElement","4"
"Value","50"
"ValueProvider","4"
"ValueProxy","4"
"VerticalFlowLayout","6"
"Viewer","20"
"WrappingList","11"
"XBaby","25"
"XElement","16"
"XHost","3"
"XProvider","14"
"XResourceProvider","3"
